{
  "name": "FishAI",
  "image": "mcr.microsoft.com/devcontainers/javascript-node:1-20-bullseye",
  "features": {
    "ghcr.io/devcontainers/features/aws-cli:1": {},
    "ghcr.io/devcontainers/features/terraform:1": {},
    "ghcr.io/devcontainers/features/node:1": {
      "version": "lts"
    }
  },
  "postCreateCommand": "corepack enable && pnpm i",
  "customizations": {
    "vscode": {
      "extensions": [
        "esbenp.prettier-vscode",
        "dbaeumer.vscode-eslint",
        "HashiCorp.terraform",
        "GitHub.copilot",
        "ms-azuretools.vscode-docker"
      ]
    }
  }
}